delta,Rx_acc,Rx_velocity,Rx_degrees,Ry_acc,Ry_velocity,Rr_degrees,Rz_acc,Rz_velocity,Rz_degrees
2.3603439331054688e-05,-1.8467,-9.0332,-2.247,-0.0776,397.8271,59.727,1.2139,5.188,-62.792
0.010105371475219727,-1.8467,-9.0332,-2.247,-0.0776,397.8271,59.727,1.2139,5.188,-62.792
0.010116338729858398,-2.4834,5.0049,-10.162,-0.0464,513.4277,82.2,0.7144,-5.0659,-70.296
0.010103464126586914,-2.4834,5.0049,-10.162,-0.0464,513.4277,82.2,0.7144,-5.0659,-70.296
0.01011204719543457,-2.4834,5.0049,-10.162,-0.0464,513.4277,82.2,0.7144,-5.0659,-70.296
0.01011204719543457,-2.5376,20.3247,-173.694,-0.127,526.2451,72.664,0.6646,-7.8735,124.958
0.010109663009643555,-2.5376,20.3247,-173.694,-0.127,526.2451,72.664,0.6646,-7.8735,124.958
0.010115623474121094,-2.4092,1.6479,-176.759,-0.0757,520.9961,47.208,0.3218,-4.8828,121.108
0.010092973709106445,-2.4092,1.6479,-176.759,-0.0757,520.9961,47.208,0.3218,-4.8828,121.108
0.010101556777954102,-2.4092,1.6479,-176.759,-0.0757,520.9961,47.208,0.3218,-4.8828,121.108
0.010092735290527344,-1.9673,14.3433,-176.726,-0.0527,413.208,25.906,0.4683,-14.0381,120.212
0.010094404220581055,-1.9673,14.3433,-176.726,-0.0527,413.208,25.906,0.4683,-14.0381,120.212
0.010097742080688477,-1.5732,-4.4556,-176.105,-0.0127,247.1313,11.338,0.3447,-5.9814,119.438
0.010089635848999023,-1.5732,-4.4556,-176.105,-0.0127,247.1313,11.338,0.3447,-5.9814,119.438
0.010088920593261719,-1.5732,-4.4556,-176.105,-0.0127,247.1313,11.338,0.3447,-5.9814,119.438
0.010094642639160156,-1.1846,-1.3428,-175.941,-0.0166,111.9385,4.927,0.4409,-2.5024,118.784
0.010101795196533203,-1.1846,-1.3428,-175.941,-0.0166,111.9385,4.927,0.4409,-2.5024,118.784
0.010092020034790039,-1.1089,-0.7324,-175.336,-0.0557,-136.9019,8.212,0.4111,3.0518,118.735
0.010102510452270508,-1.1089,-0.7324,-175.336,-0.0557,-136.9019,8.212,0.4111,3.0518,118.735
0.010099172592163086,-1.1089,-0.7324,-175.336,-0.0557,-136.9019,8.212,0.4111,3.0518,118.735
0.010097980499267578,-1.5322,-5.3711,-174.99,-0.0752,-277.5879,21.11,0.3623,11.1694,119.092
0.010094642639160156,-1.5322,-5.3711,-174.99,-0.0752,-277.5879,21.11,0.3623,11.1694,119.092
0.01009678840637207,-2.0361,-2.6855,-174.293,-0.0938,-413.8794,40.693,0.3779,6.958,120.443
0.010097742080688477,-2.0361,-2.6855,-174.293,-0.0938,-413.8794,40.693,0.3779,6.958,120.443
0.010105609893798828,-2.2324,-12.6343,-171.464,-0.0771,-470.6421,64.177,0.4258,4.4556,124.799
0.01009678840637207,-2.2324,-12.6343,-171.464,-0.0771,-470.6421,64.177,0.4258,4.4556,124.799
0.01009511947631836,-2.2324,-12.6343,-171.464,-0.0771,-470.6421,64.177,0.4258,4.4556,124.799
0.01008749008178711,-2.3398,-1.77,-114.423,-0.0425,-456.9092,86.633,0.6274,4.3945,-176.407
0.010103225708007812,-2.3398,-1.77,-114.423,-0.0425,-456.9092,86.633,0.6274,4.3945,-176.407
0.010099411010742188,-2.3398,-1.77,-114.423,-0.0425,-456.9092,86.633,0.6274,4.3945,-176.407
0.010091543197631836,-2.29,-6.1035,-8.564,-0.0034,-396.4233,69.906,0.8735,1.2207,-68.626
0.010091304779052734,-2.29,-6.1035,-8.564,-0.0034,-396.4233,69.906,0.8735,1.2207,-68.626
0.010097980499267578,-1.9111,1.4038,-4.807,-0.002,-252.0752,54.805,1.0884,7.5684,-63.248
0.010133743286132812,-1.9111,1.4038,-4.807,-0.002,-252.0752,54.805,1.0884,7.5684,-63.248
0.010084867477416992,-1.9111,1.4038,-4.807,-0.002,-252.0752,54.805,1.0884,7.5684,-63.248
0.010098934173583984,-1.7373,-9.5825,-4.186,-0.0234,-120.6055,46.648,1.2349,3.8452,-60.831
0.010098934173583984,-1.7373,-9.5825,-4.186,-0.0234,-120.6055,46.648,1.2349,3.8452,-60.831
0.010091066360473633,-1.6577,0.9766,-4.422,-0.0571,91.1865,47.329,1.3164,0.9766,-59.788
0.010098934173583984,-1.6577,0.9766,-4.422,-0.0571,91.1865,47.329,1.3164,0.9766,-59.788
0.01008749008178711,-1.6577,0.9766,-4.422,-0.0571,91.1865,47.329,1.3164,0.9766,-59.788
0.010093927383422852,-1.8706,2.1362,-5.488,-0.0708,221.9238,56.03,1.1831,-4.2725,-60.062
0.010722875595092773,-1.8706,2.1362,-5.488,-0.0708,221.9238,56.03,1.1831,-4.2725,-60.062
0.010100364685058594,-1.8706,2.1362,-5.488,-0.0708,221.9238,56.03,1.1831,-4.2725,-60.062
0.010100603103637695,-2.1274,4.2725,-9.855,-0.0659,361.5112,71.356,0.9019,-4.8218,-64.094
0.010099649429321289,-2.1274,4.2725,-9.855,-0.0659,361.5112,71.356,0.9019,-4.8218,-64.094
0.010098695755004883,-2.3271,10.5591,-93.505,-0.0703,395.2637,86.946,0.7544,-3.54,-147.761
0.010100126266479492,-2.3271,10.5591,-93.505,-0.0703,395.2637,86.946,0.7544,-3.54,-147.761
0.010101318359375,-2.2314,4.2725,-170.782,-0.0322,412.2314,69.862,0.561,-9.2163,135.049
0.010100841522216797,-2.2314,4.2725,-170.782,-0.0322,412.2314,69.862,0.561,-9.2163,135.049
0.010098695755004883,-2.042,3.6011,-174.551,-0.0205,347.229,52.63,0.4434,-9.2773,131.391
0.010091543197631836,-2.042,3.6011,-174.551,-0.0205,347.229,52.63,0.4434,-9.2773,131.391
0.010098695755004883,-2.042,3.6011,-174.551,-0.0205,347.229,52.63,0.4434,-9.2773,131.391
0.010102272033691406,-1.7466,3.0518,-175.737,-0.0215,217.4072,40.82,0.4443,-2.7466,130.309
0.010095834732055664,-1.7466,3.0518,-175.737,-0.0215,217.4072,40.82,0.4443,-2.7466,130.309
0.010095357894897461,-1.7466,3.0518,-175.737,-0.0215,217.4072,40.82,0.4443,-2.7466,130.309
0.010090827941894531,-1.5225,2.5024,-176.314,-0.0288,101.5625,35.349,0.4258,-0.061,130.023
0.01009821891784668,-1.5225,2.5024,-176.314,-0.0288,101.5625,35.349,0.4258,-0.061,130.023
0.010088443756103516,-1.4717,-3.0518,-176.682,-0.0693,-90.1489,37.897,0.3809,1.2207,130.215
0.01009678840637207,-1.4717,-3.0518,-176.682,-0.0693,-90.1489,37.897,0.3809,1.2207,130.215
0.010099172592163086,-1.4717,-3.0518,-176.682,-0.0693,-90.1489,37.897,0.3809,1.2207,130.215
0.01009511947631836,-1.687,-5.4321,-177.001,-0.0859,-197.998,47.505,0.4253,2.5635,131.023
0.010088920593261719,-1.687,-5.4321,-177.001,-0.0859,-197.998,47.505,0.4253,2.5635,131.023
0.010106086730957031,-1.687,-5.4321,-177.001,-0.0859,-197.998,47.505,0.4253,2.5635,131.023
0.01009678840637207,-1.9355,-3.418,-176.979,-0.0718,-317.8711,62.562,0.4414,5.7983,132.248
0.010091543197631836,-1.9355,-3.418,-176.979,-0.0718,-317.8711,62.562,0.4414,5.7983,132.248
0.010095596313476562,-2.168,-5.127,-174.979,-0.0605,-355.2856,80.596,0.5229,4.1504,135.775
0.010122060775756836,-2.168,-5.127,-174.979,-0.0605,-355.2856,80.596,0.5229,4.1504,135.775
0.010088443756103516,-2.168,-5.127,-174.979,-0.0605,-355.2856,80.596,0.5229,4.1504,135.775
0.010095357894897461,-2.165,-2.8076,-3.115,-0.0156,-345.2148,81.233,0.6787,4.7607,-50.707
0.010096311569213867,-2.165,-2.8076,-3.115,-0.0156,-345.2148,81.233,0.6787,4.7607,-50.707
0.010096073150634766,-2.1436,-0.3662,-0.703,-0.021,-291.687,65.55,0.8447,4.3945,-46.719
0.010097265243530273,-2.1436,-0.3662,-0.703,-0.021,-291.687,65.55,0.8447,4.3945,-46.719
0.01008296012878418,-2.1436,-0.3662,-0.703,-0.021,-291.687,65.55,0.8447,4.3945,-46.719
0.010096311569213867,-1.9229,-5.5542,-0.802,-0.0181,-167.1143,54.888,1.0122,4.4556,-44.934
0.010098695755004883,-1.9229,-5.5542,-0.802,-0.0181,-167.1143,54.888,1.0122,4.4556,-44.934
0.010095596313476562,-1.8604,-0.061,-0.84,-0.0376,-61.4624,50.103,1.0942,4.0283,-43.286
0.01008749008178711,-1.8604,-0.061,-0.84,-0.0376,-61.4624,50.103,1.0942,4.0283,-43.286
0.010087251663208008,-1.8604,-0.061,-0.84,-0.0376,-61.4624,50.103,1.0942,4.0283,-43.286
0.010091543197631836,-1.8687,-2.2583,-1.274,-0.0679,100.769,52.278,1.1196,-2.8687,-42.166
0.010098457336425781,-1.8687,-2.2583,-1.274,-0.0679,100.769,52.278,1.1196,-2.8687,-42.166
0.01009988784790039,-1.981,4.3335,-1.906,-0.0771,189.27,60.189,1.0166,-3.2959,-41.605
0.010087966918945312,-1.981,4.3335,-1.906,-0.0771,189.27,60.189,1.0166,-3.2959,-41.605
0.010116815567016602,-1.981,4.3335,-1.906,-0.0771,189.27,60.189,1.0166,-3.2959,-41.605
0.010091066360473633,-2.1089,7.019,-3.444,-0.0601,280.8228,72.444,0.8799,-5.249,-42.275
0.01009678840637207,-2.1089,7.019,-3.444,-0.0601,280.8228,72.444,0.8799,-5.249,-42.275
0.010099411010742188,-2.1089,7.019,-3.444,-0.0601,280.8228,72.444,0.8799,-5.249,-42.275
0.010097980499267578,-2.1685,7.1411,-18.567,-0.04,308.8989,86.841,0.7305,-3.418,-56.766
0.010097742080688477,-2.1685,7.1411,-18.567,-0.04,308.8989,86.841,0.7305,-3.418,-56.766
0.01009821891784668,-2.0625,3.0518,-174.397,-0.0127,287.4756,78.635,0.5962,-7.2632,148.299
0.010099649429321289,-2.0625,3.0518,-174.397,-0.0127,287.4756,78.635,0.5962,-7.2632,148.299
0.010096549987792969,-2.0625,3.0518,-174.397,-0.0127,287.4756,78.635,0.5962,-7.2632,148.299
0.010095834732055664,-1.9395,3.2959,-177.231,-0.0244,235.9009,66.83,0.5107,-3.8452,146.157
0.010094165802001953,-1.9395,3.2959,-177.231,-0.0244,235.9009,66.83,0.5107,-3.8452,146.157
0.01011037826538086,-1.7368,1.4648,-178.391,-0.0439,113.7695,59.881,0.499,0.5493,145.865
0.010086536407470703,-1.7368,1.4648,-178.391,-0.0439,113.7695,59.881,0.499,0.5493,145.865
0.010095596313476562,-1.7368,1.4648,-178.391,-0.0439,113.7695,59.881,0.499,0.5493,145.865
0.010096073150634766,-1.6479,0.1221,-179.138,-0.0723,-27.71,58.618,0.4585,1.4648,145.86
0.010094642639160156,-1.6479,0.1221,-179.138,-0.0723,-27.71,58.618,0.4585,1.4648,145.86
0.01009511947631836,-1.7227,-3.9673,-179.956,-0.084,-117.1265,63.127,0.4526,1.3428,146.08
0.010113239288330078,-1.7227,-3.9673,-179.956,-0.084,-117.1265,63.127,0.4526,1.3428,146.08
0.010095596313476562,-1.7227,-3.9673,-179.956,-0.084,-117.1265,63.127,0.4526,1.3428,146.08
0.010097026824951172,-1.9038,-2.9907,178.588,-0.0737,-215.8813,72.768,0.5,1.8921,145.772
0.010087728500366211,-1.9038,-2.9907,178.588,-0.0737,-215.8813,72.768,0.5,1.8921,145.772
0.010086297988891602,-2.0093,-2.5024,170.942,-0.0522,-255.4321,85.314,0.5317,2.7466,139.356
0.01008749008178711,-2.0093,-2.5024,170.942,-0.0522,-255.4321,85.314,0.5317,2.7466,139.356
0.010098934173583984,-2.0093,-2.5024,170.942,-0.0522,-255.4321,85.314,0.5317,2.7466,139.356
0.01008915901184082,-2.084,-3.418,6.092,-0.0171,-256.5308,81.079,0.6719,3.2349,-24.131
0.010087728500366211,-2.084,-3.418,6.092,-0.0171,-256.5308,81.079,0.6719,3.2349,-24.131
0.010087966918945312,-2.084,-3.418,6.092,-0.0171,-256.5308,81.079,0.6719,3.2349,-24.131
0.010099411010742188,-2.0645,1.2817,2.988,-0.0166,-223.1445,69.005,0.7695,4.3335,-25.961
0.010094165802001953,-2.0645,1.2817,2.988,-0.0166,-223.1445,69.005,0.7695,4.3335,-25.961
0.010097503662109375,-1.9722,-3.9673,2.065,-0.0317,-134.3994,60.079,0.9072,3.0518,-25.499
0.010088920593261719,-1.9722,-3.9673,2.065,-0.0317,-134.3994,60.079,0.9072,3.0518,-25.499
0.01009821891784668,-1.9722,-3.9673,2.065,-0.0317,-134.3994,60.079,0.9072,3.0518,-25.499
0.010099172592163086,-1.9326,-3.1128,1.544,-0.0444,-55.603,55.607,0.9634,2.9297,-24.489
0.010088682174682617,-1.9326,-3.1128,1.544,-0.0444,-55.603,55.607,0.9634,2.9297,-24.489
0.010098934173583984,-1.9414,-0.061,1.236,-0.0684,63.1714,56.162,0.9805,-1.5869,-23.395
0.010097980499267578,-1.9414,-0.061,1.236,-0.0684,63.1714,56.162,0.9805,-1.5869,-23.395
0.010086536407470703,-1.9414,-0.061,1.236,-0.0684,63.1714,56.162,0.9805,-1.5869,-23.395
0.010099649429321289,-1.9839,2.6245,1.033,-0.0742,128.7842,61.161,0.9438,-2.0752,-22.385
0.010084867477416992,-1.9839,2.6245,1.033,-0.0742,128.7842,61.161,0.9438,-2.0752,-22.385
0.010090351104736328,-2.0547,4.0283,1.159,-0.0522,198.0591,69.483,0.8257,-4.8218,-21.308
0.010087728500366211,-2.0547,4.0283,1.159,-0.0522,198.0591,69.483,0.8257,-4.8218,-21.308
0.010099649429321289,-2.0586,2.8687,1.395,-0.0278,216.5527,79.645,0.7378,-3.9673,-20.132
0.010099649429321289,-2.0586,2.8687,1.395,-0.0278,216.5527,79.645,0.7378,-3.9673,-20.132
0.010085821151733398,-2.0586,2.8687,1.395,-0.0278,216.5527,79.645,0.7378,-3.9673,-20.132
0.01009511947631836,-2.0063,0.9766,58.365,-0.02,203.2471,89.731,0.627,-4.2114,37.694
0.010098457336425781,-2.0063,0.9766,58.365,-0.02,203.2471,89.731,0.627,-4.2114,37.694
0.01008749008178711,-1.9243,2.6245,178.682,-0.0356,164.4897,81.612,0.5811,-2.8076,158.857
0.01009678840637207,-1.9243,2.6245,178.682,-0.0356,164.4897,81.612,0.5811,-2.8076,158.857
0.010097026824951172,-1.9243,2.6245,178.682,-0.0356,164.4897,81.612,0.5811,-2.8076,158.857
0.010134220123291016,-1.811,0.1221,178.517,-0.0596,77.8809,76.295,0.5317,-0.1831,159.494
0.010125875473022461,-1.811,0.1221,178.517,-0.0596,77.8809,76.295,0.5317,-0.1831,159.494
0.010091781616210938,-1.7954,1.1597,177.924,-0.0679,5.7983,75.152,0.5332,0.0,159.73
0.010087013244628906,-1.7954,1.1597,177.924,-0.0679,5.7983,75.152,0.5332,0.0,159.73
0.010084390640258789,-1.7954,1.1597,177.924,-0.0679,5.7983,75.152,0.5332,0.0,159.73
0.010087728500366211,-1.8198,-2.0752,176.309,-0.0674,-90.4541,78.267,0.5142,1.8311,158.978
0.01009511947631836,-1.8198,-2.0752,176.309,-0.0674,-90.4541,78.267,0.5142,1.8311,158.978
0.010096549987792969,-1.8198,-2.0752,176.309,-0.0674,-90.4541,78.267,0.5142,1.8311,158.978
0.010098695755004883,-1.8931,-0.9155,169.464,-0.0542,-138.0615,84.699,0.5376,1.4648,153.083
0.010096311569213867,-1.8931,-0.9155,169.464,-0.0542,-138.0615,84.699,0.5376,1.4648,153.083
0.010092020034790039,-1.9746,-3.6621,18.237,-0.0347,-178.6499,86.418,0.606,2.4414,2.818
0.010114908218383789,-1.9746,-3.6621,18.237,-0.0347,-178.6499,86.418,0.606,2.4414,2.818
0.010093450546264648,-1.9746,-3.6621,18.237,-0.0347,-178.6499,86.418,0.606,2.4414,2.818
0.010087251663208008,-2.0166,-1.9531,5.625,-0.0264,-180.9692,77.234,0.6626,3.418,-8.729
0.010091543197631836,-2.0166,-1.9531,5.625,-0.0264,-180.9692,77.234,0.6626,3.418,-8.729
0.010097265243530273,-2.0166,-1.9531,5.625,-0.0264,-180.9692,77.234,0.6626,3.418,-8.729
0.010088205337524414,-2.0063,-3.6621,3.494,-0.0381,-146.8506,68.835,0.7627,2.0142,-9.794
0.010096073150634766,-2.0063,-3.6621,3.494,-0.0381,-146.8506,68.835,0.7627,2.0142,-9.794
0.010087251663208008,-1.9854,-1.6479,2.56,-0.0493,-102.8442,62.721,0.8184,2.2583,-9.591
0.010088205337524414,-1.9854,-1.6479,2.56,-0.0493,-102.8442,62.721,0.8184,2.2583,-9.591
0.010088920593261719,-1.9854,-1.6479,2.56,-0.0493,-102.8442,62.721,0.8184,2.2583,-9.591
0.010100841522216797,-1.9585,-0.3052,2.164,-0.0576,-18.7378,59.854,0.8716,0.4272,-8.937
0.010091543197631836,-1.9585,-0.3052,2.164,-0.0576,-18.7378,59.854,0.8716,0.4272,-8.937
0.010097026824951172,-1.9585,-0.3052,2.164,-0.0576,-18.7378,59.854,0.8716,0.4272,-8.937
0.01009821891784668,-1.9658,0.6104,1.917,-0.0566,37.4756,60.551,0.8789,-0.7935,-8.157
0.010098695755004883,-1.9658,0.6104,1.917,-0.0566,37.4756,60.551,0.8789,-0.7935,-8.157
0.010098457336425781,-1.9932,2.8687,1.829,-0.0449,103.0884,64.303,0.8462,-1.6479,-7.311
0.01009678840637207,-1.9932,2.8687,1.829,-0.0449,103.0884,64.303,0.8462,-1.6479,-7.311
0.010099411010742188,-1.9932,2.8687,1.829,-0.0449,103.0884,64.303,0.8462,-1.6479,-7.311
0.010099649429321289,-2.0112,1.8921,2.049,-0.0371,131.3477,70.175,0.7944,-2.3804,-6.29
0.010102987289428711,-2.0112,1.8921,2.049,-0.0371,131.3477,70.175,0.7944,-2.3804,-6.29
0.010096311569213867,-2.0,1.9531,2.631,-0.0342,145.813,77.086,0.7139,-2.1973,-4.938
0.010098457336425781,-2.0,1.9531,2.631,-0.0342,145.813,77.086,0.7139,-2.1973,-4.938
0.010099411010742188,-2.0,1.9531,2.631,-0.0342,145.813,77.086,0.7139,-2.1973,-4.938
0.010097742080688477,-1.9727,0.9155,4.9,-0.043,135.437,83.793,0.6621,-2.0142,-1.939
0.010100126266479492,-1.9727,0.9155,4.9,-0.043,135.437,83.793,0.6621,-2.0142,-1.939
0.01008749008178711,-1.9727,0.9155,4.9,-0.043,135.437,83.793,0.6621,-2.0142,-1.939
0.01009058952331543,-1.915,1.8921,28.301,-0.0562,91.9189,88.907,0.6108,-1.1597,22.11
0.010098695755004883,-1.915,1.8921,28.301,-0.0562,91.9189,88.907,0.6108,-1.1597,22.11
0.010097980499267578,-1.8794,0.1831,165.103,-0.0605,49.4385,87.935,0.5903,-1.0376,159.571
0.01009988784790039,-1.8794,0.1831,165.103,-0.0605,49.4385,87.935,0.5903,-1.0376,159.571
0.010095357894897461,-1.8794,0.1831,165.103,-0.0605,49.4385,87.935,0.5903,-1.0376,159.571
0.01009368896484375,-1.8682,0.4883,162.839,-0.0527,-20.0195,88.039,0.5732,0.4272,157.967
0.010096311569213867,-1.8682,0.4883,162.839,-0.0527,-20.0195,88.039,0.5732,0.4272,157.967
0.010098695755004883,-1.8823,-0.9155,35.837,-0.0474,-59.6313,88.885,0.5718,0.6104,31.641
0.010099649429321289,-1.8823,-0.9155,35.837,-0.0474,-59.6313,88.885,0.5718,0.6104,31.641
0.010099411010742188,-1.9321,-0.7324,7.465,-0.0405,-100.8911,84.298,0.606,2.4414,3.977
0.010097265243530273,-1.9321,-0.7324,7.465,-0.0405,-100.8911,84.298,0.606,2.4414,3.977
0.010098457336425781,-1.9321,-0.7324,7.465,-0.0405,-100.8911,84.298,0.606,2.4414,3.977
0.010096073150634766,-1.9517,-1.8311,4.268,-0.041,-114.0137,78.574,0.6348,2.3804,1.516
0.010088682174682617,-1.9517,-1.8311,4.268,-0.041,-114.0137,78.574,0.6348,2.3804,1.516
0.010089874267578125,-1.9517,-1.8311,4.268,-0.041,-114.0137,78.574,0.6348,2.3804,1.516
0.01009225845336914,-1.9805,-1.77,2.95,-0.0498,-109.375,72.768,0.6992,1.8921,0.983
0.010095596313476562,-1.9805,-1.77,2.95,-0.0498,-109.375,72.768,0.6992,1.8921,0.983
0.010092735290527344,-1.9771,-1.709,2.247,-0.0547,-90.271,67.879,0.7363,1.4648,1.099
0.010098457336425781,-1.9771,-1.709,2.247,-0.0547,-90.271,67.879,0.7363,1.4648,1.099
0.010096549987792969,-1.9771,-1.709,2.247,-0.0547,-90.271,67.879,0.7363,1.4648,1.099
0.01008915901184082,-1.9697,-0.4272,1.824,-0.0503,-43.8232,64.808,0.7808,0.4272,1.467
0.010134696960449219,-1.9697,-0.4272,1.824,-0.0503,-43.8232,64.808,0.7808,0.4272,1.467
0.010097026824951172,-1.9683,0.0,1.544,-0.0459,-6.4087,63.891,0.7944,-0.1831,1.934
0.010095357894897461,-1.9683,0.0,1.544,-0.0459,-6.4087,63.891,0.7944,-0.1831,1.934
0.010097026824951172,-1.9683,0.0,1.544,-0.0459,-6.4087,63.891,0.7944,-0.1831,1.934
0.010095357894897461,-1.9761,0.3052,1.351,-0.0391,43.9453,65.27,0.8013,-1.1597,2.433
0.010097980499267578,-1.9761,0.3052,1.351,-0.0391,43.9453,65.27,0.8013,-1.1597,2.433
0.010095596313476562,-1.9819,1.1597,1.307,-0.0371,67.0776,68.231,0.7817,-0.4883,3.027
0.010137319564819336,-1.9819,1.1597,1.307,-0.0371,67.0776,68.231,0.7817,-0.4883,3.027
0.010087966918945312,-1.9819,1.1597,1.307,-0.0371,67.0776,68.231,0.7817,-0.4883,3.027
0.010085821151733398,-1.9819,0.9155,1.357,-0.043,85.6934,72.158,0.7388,-1.2207,3.664
0.010096311569213867,-1.9819,0.9155,1.357,-0.043,85.6934,72.158,0.7388,-1.2207,3.664
0.010149478912353516,-1.9819,0.9155,1.357,-0.043,85.6934,72.158,0.7388,-1.2207,3.664
0.010108232498168945,-1.9683,0.7935,1.494,-0.0508,85.5713,76.3,0.7056,-1.1597,4.345
0.01008749008178711,-1.9683,0.7935,1.494,-0.0508,85.5713,76.3,0.7056,-1.1597,4.345
0.010097503662109375,-1.9448,1.2817,1.692,-0.0552,68.1152,79.876,0.665,-1.2207,5.048
0.010097026824951172,-1.9448,1.2817,1.692,-0.0552,68.1152,79.876,0.665,-1.2207,5.048
0.010096073150634766,-1.9448,1.2817,1.692,-0.0552,68.1152,79.876,0.665,-1.2207,5.048
0.010097503662109375,-1.9277,0.7935,1.895,-0.0532,46.2646,82.304,0.647,-0.9766,5.729
0.010096549987792969,-1.9277,0.7935,1.895,-0.0532,46.2646,82.304,0.647,-0.9766,5.729
0.010087013244628906,-1.9136,0.5493,1.824,-0.0444,5.9204,83.068,0.6309,-0.4272,6.13
0.010087966918945312,-1.9136,0.5493,1.824,-0.0444,5.9204,83.068,0.6309,-0.4272,6.13
0.01008749008178711,-1.9136,0.5493,1.824,-0.0444,5.9204,83.068,0.6309,-0.4272,6.13
0.01008296012878418,-1.9155,-0.1221,1.697,-0.04,-20.6299,82.211,0.6265,0.4883,6.482
0.010091543197631836,-1.9155,-0.1221,1.697,-0.04,-20.6299,82.211,0.6265,0.4883,6.482
0.010092020034790039,-1.9243,-0.3052,1.494,-0.0435,-48.8892,79.964,0.6299,0.9155,6.773
0.01008152961730957,-1.9243,-0.3052,1.494,-0.0435,-48.8892,79.964,0.6299,0.9155,6.773
0.01008915901184082,-1.9424,-1.1597,1.318,-0.0479,-58.96,76.992,0.647,1.4648,7.125
0.010080337524414062,-1.9424,-1.1597,1.318,-0.0479,-58.96,76.992,0.647,1.4648,7.125
0.010083436965942383,-1.9424,-1.1597,1.318,-0.0479,-58.96,76.992,0.647,1.4648,7.125
0.01008152961730957,-1.9531,-0.9155,1.154,-0.0537,-61.0962,73.79,0.6787,0.9155,7.487
0.010091543197631836,-1.9531,-0.9155,1.154,-0.0537,-61.0962,73.79,0.6787,0.9155,7.487
0.010082483291625977,-1.9531,-0.9155,1.154,-0.0537,-61.0962,73.79,0.6787,0.9155,7.487
0.010085821151733398,-1.9614,-0.7935,0.901,-0.0537,-53.6499,70.9,0.7017,0.6104,7.795
0.010090351104736328,-1.9614,-0.7935,0.901,-0.0537,-53.6499,70.9,0.7017,0.6104,7.795
0.01009058952331543,-1.9634,-0.1831,0.714,-0.0474,-31.189,68.868,0.7251,0.2441,8.135
0.010098934173583984,-1.9634,-0.1831,0.714,-0.0474,-31.189,68.868,0.7251,0.2441,8.135
0.010100364685058594,-1.9629,0.0,0.544,-0.041,-11.7188,67.945,0.7373,0.0,8.476
0.010097026824951172,-1.9629,0.0,0.544,-0.041,-11.7188,67.945,0.7373,0.0,8.476
0.01009988784790039,-1.9629,0.0,0.544,-0.041,-11.7188,67.945,0.7373,0.0,8.476
0.010097980499267578,-1.9648,0.061,0.401,-0.04,16.9067,68.286,0.7412,-0.2441,8.811
0.010093450546264648,-1.9648,0.061,0.401,-0.04,16.9067,68.286,0.7412,-0.2441,8.811
0.01009678840637207,-1.9683,0.2441,0.275,-0.043,30.3955,69.571,0.7441,-0.3052,9.13
0.010085582733154297,-1.9683,0.2441,0.275,-0.043,30.3955,69.571,0.7441,-0.3052,9.13
0.010168313980102539,-1.9634,0.4883,0.198,-0.0488,39.4897,71.378,0.7256,-0.2441,9.465
0.010092496871948242,-1.9634,0.4883,0.198,-0.0488,39.4897,71.378,0.7256,-0.2441,9.465
0.010101556777954102,-1.9634,0.4883,0.198,-0.0488,39.4897,71.378,0.7256,-0.2441,9.465
0.010100126266479492,-1.9595,0.4272,0.055,-0.0518,40.2222,73.295,0.7119,-0.6714,9.712
0.010095834732055664,-1.9595,0.4272,0.055,-0.0518,40.2222,73.295,0.7119,-0.6714,9.712
0.010098934173583984,-1.9502,0.6104,-0.132,-0.0503,31.7993,74.954,0.6934,-0.6714,9.877
0.010095357894897461,-1.9502,0.6104,-0.132,-0.0503,31.7993,74.954,0.6934,-0.6714,9.877
0.010116338729858398,-1.9502,0.6104,-0.132,-0.0503,31.7993,74.954,0.6934,-0.6714,9.877
0.010120153427124023,-1.9438,0.3052,-0.352,-0.0459,21.7285,76.08,0.6812,-0.7935,10.009
0.010099411010742188,-1.9438,0.3052,-0.352,-0.0459,21.7285,76.08,0.6812,-0.7935,10.009
0.010110139846801758,-1.9395,0.1221,-0.511,-0.042,3.0518,76.432,0.6738,0.0,10.184
0.010117769241333008,-1.9395,0.1221,-0.511,-0.042,3.0518,76.432,0.6738,0.0,10.184
0.010101079940795898,-1.9395,0.1221,-0.511,-0.042,3.0518,76.432,0.6738,0.0,10.184
0.01008915901184082,-1.9409,-0.1221,-0.533,-0.0435,-14.2212,75.954,0.6709,0.4272,10.508
0.010088443756103516,-1.9409,-0.1221,-0.533,-0.0435,-14.2212,75.954,0.6709,0.4272,10.508
0.010172605514526367,-1.9409,-0.1221,-0.533,-0.0435,-14.2212,75.954,0.6709,0.4272,10.508
0.010096549987792969,-1.9419,-0.3662,-0.494,-0.0479,-21.0571,74.916,0.6685,0.5493,10.898
0.010093450546264648,-1.9419,-0.3662,-0.494,-0.0479,-21.0571,74.916,0.6685,0.5493,10.898
0.010087251663208008,-1.9468,-0.1831,-0.456,-0.0522,-23.2544,73.669,0.6782,0.6104,11.299
0.01009058952331543,-1.9468,-0.1831,-0.456,-0.0522,-23.2544,73.669,0.6782,0.6104,11.299
0.010081768035888672,-1.9468,-0.1831,-0.456,-0.0522,-23.2544,73.669,0.6782,0.6104,11.299
0.010096311569213867,-1.9497,-0.3052,-0.472,-0.0522,-21.1792,72.482,0.6851,0.1831,11.64
0.01008462905883789,-1.9497,-0.3052,-0.472,-0.0522,-21.1792,72.482,0.6851,0.1831,11.64
0.010096073150634766,-1.9531,0.0,-0.538,-0.0464,-13.4277,71.559,0.6958,0.1221,11.926
0.010166168212890625,-1.9531,0.0,-0.538,-0.0464,-13.4277,71.559,0.6958,0.1221,11.926
0.010092735290527344,-1.9531,-0.061,-0.621,-0.043,-6.4087,71.038,0.7007,-0.061,12.173
0.010078907012939453,-1.9531,-0.061,-0.621,-0.043,-6.4087,71.038,0.7007,-0.061,12.173
0.01008915901184082,-1.9531,-0.061,-0.621,-0.043,-6.4087,71.038,0.7007,-0.061,12.173
0.010086297988891602,-1.9551,-0.061,-0.714,-0.042,4.2725,70.972,0.7031,0.0,12.398
0.010090827941894531,-1.9551,-0.061,-0.714,-0.042,4.2725,70.972,0.7031,0.0,12.398
0.010090112686157227,-1.9551,-0.061,-0.714,-0.042,4.2725,70.972,0.7031,0.0,12.398
0.010100126266479492,-1.9551,0.061,-0.807,-0.0449,9.8267,71.307,0.7056,0.061,12.607
0.010094165802001953,-1.9551,0.061,-0.807,-0.0449,9.8267,71.307,0.7056,0.061,12.607
0.010102510452270508,-1.9551,0.0,-0.917,-0.0503,12.2681,71.845,0.7065,-0.061,12.794
0.01009988784790039,-1.9551,0.0,-0.917,-0.0503,12.2681,71.845,0.7065,-0.061,12.794
0.010101795196533203,-1.9551,0.0,-0.917,-0.0503,12.2681,71.845,0.7065,-0.061,12.794
0.010100126266479492,-1.9536,0.2441,-1.033,-0.0508,10.3149,72.356,0.7036,-0.1831,12.947
0.010091304779052734,-1.9536,0.2441,-1.033,-0.0508,10.3149,72.356,0.7036,-0.1831,12.947
0.010095834732055664,-1.9526,0.1221,-1.17,-0.0479,5.0659,72.669,0.7002,-0.3052,13.079
0.010090827941894531,-1.9526,0.1221,-1.17,-0.0479,5.0659,72.669,0.7002,-0.3052,13.079
0.010102033615112305,-1.9526,0.1221,-1.17,-0.0479,5.0659,72.669,0.7002,-0.3052,13.079
0.010098457336425781,-1.9521,0.0,-1.285,-0.0449,1.0376,72.746,0.6968,-0.1831,13.217
0.010102272033691406,-1.9521,0.0,-1.285,-0.0449,1.0376,72.746,0.6968,-0.1831,13.217
0.010122060775756836,-1.9521,0.0,-1.285,-0.0449,1.0376,72.746,0.6968,-0.1831,13.217
0.010100603103637695,-1.9512,0.0,-1.351,-0.042,-4.0283,72.592,0.6948,0.1221,13.403
0.010107755661010742,-1.9512,0.0,-1.351,-0.042,-4.0283,72.592,0.6948,0.1221,13.403
0.010091781616210938,-1.9512,-0.1221,-1.373,-0.0439,-5.9204,72.274,0.6943,0.1831,13.629
0.010100603103637695,-1.9512,-0.1221,-1.373,-0.0439,-5.9204,72.274,0.6943,0.1831,13.629
0.01009368896484375,-1.9512,-0.1831,-1.373,-0.0479,-5.3711,71.917,0.6938,0.3052,13.87
0.01009678840637207,-1.9512,-0.1831,-1.373,-0.0479,-5.3711,71.917,0.6938,0.3052,13.87
0.010090351104736328,-1.9512,-0.1831,-1.373,-0.0479,-5.3711,71.917,0.6938,0.3052,13.87
0.010095834732055664,-1.9512,0.0,-1.412,-0.0508,-2.9907,71.664,0.6938,0.061,14.079
0.010098934173583984,-1.9512,0.0,-1.412,-0.0508,-2.9907,71.664,0.6938,0.061,14.079
0.010088682174682617,-1.9512,0.0,-1.412,-0.0508,-2.9907,71.664,0.6938,0.061,14.079
0.010097742080688477,-1.9517,0.0,-1.483,-0.0488,1.3428,71.581,0.6938,-0.1221,14.244
0.010097265243530273,-1.9517,0.0,-1.483,-0.0488,1.3428,71.581,0.6938,-0.1221,14.244
0.010093212127685547,-1.9517,0.1831,-1.582,-0.0459,3.7231,71.669,0.6943,-0.1831,14.365
0.010096549987792969,-1.9517,0.1831,-1.582,-0.0459,3.7231,71.669,0.6943,-0.1831,14.365
0.010097742080688477,-1.9517,0.1831,-1.582,-0.0459,3.7231,71.669,0.6943,-0.1831,14.365
0.010095834732055664,-1.9512,0.0,-1.686,-0.0435,4.8828,71.862,0.6958,-0.061,14.474
0.01009678840637207,-1.9512,0.0,-1.686,-0.0435,4.8828,71.862,0.6958,-0.061,14.474
0.010101079940795898,-1.9512,0.0,-1.686,-0.0435,4.8828,71.862,0.6958,-0.061,14.474
0.010089635848999023,-1.9517,0.0,-1.763,-0.043,3.7842,72.032,0.6958,0.0,14.595
0.010111570358276367,-1.9517,0.0,-1.763,-0.043,3.7842,72.032,0.6958,0.0,14.595
0.010098695755004883,-1.9507,-0.061,-1.818,-0.0464,0.3052,72.081,0.6963,0.1831,14.744
0.010088682174682617,-1.9507,-0.061,-1.818,-0.0464,0.3052,72.081,0.6963,0.1831,14.744
0.010087013244628906,-1.9507,-0.061,-1.818,-0.0464,0.3052,72.081,0.6963,0.1831,14.744
0.010095834732055664,-1.9526,0.0,-1.846,-0.0493,-2.0752,71.988,0.6958,0.061,14.908
0.010087013244628906,-1.9526,0.0,-1.846,-0.0493,-2.0752,71.988,0.6958,0.061,14.908
0.010087728500366211,-1.9507,0.0,-1.89,-0.0498,-4.0894,71.774,0.6958,0.0,15.062
0.010088205337524414,-1.9507,0.0,-1.89,-0.0498,-4.0894,71.774,0.6958,0.0,15.062
0.010094881057739258,-1.9507,0.0,-1.89,-0.0498,-4.0894,71.774,0.6958,0.0,15.062
0.010116338729858398,-1.9517,0.0,-1.934,-0.0483,-3.9062,71.532,0.6943,-0.061,15.205
0.010077238082885742,-1.9517,0.0,-1.934,-0.0483,-3.9062,71.532,0.6943,-0.061,15.205
0.010091304779052734,-1.9517,0.0,-1.934,-0.0483,-3.9062,71.532,0.6943,-0.061,15.205
0.010088443756103516,-1.9517,0.0,-1.989,-0.0449,-1.4648,71.356,0.6943,-0.061,15.337
0.010085105895996094,-1.9517,0.0,-1.989,-0.0449,-1.4648,71.356,0.6943,-0.061,15.337
0.010078668594360352,-1.9502,0.0,-2.038,-0.043,0.6714,71.307,0.6943,0.0,15.463
0.01008749008178711,-1.9502,0.0,-2.038,-0.043,0.6714,71.307,0.6943,0.0,15.463
0.010078907012939453,-1.9502,0.0,-2.038,-0.043,0.6714,71.307,0.6943,0.0,15.463
0.010079145431518555,-1.9517,0.0,-2.098,-0.0454,3.2959,71.384,0.6943,0.0,15.568
0.010087251663208008,-1.9517,0.0,-2.098,-0.0454,3.2959,71.384,0.6943,0.0,15.568
0.010085344314575195,-1.9517,0.0,-2.164,-0.0479,3.6011,71.526,0.6958,0.0,15.667
0.010078191757202148,-1.9517,0.0,-2.164,-0.0479,3.6011,71.526,0.6958,0.0,15.667
0.010133504867553711,-1.9517,0.0,-2.164,-0.0479,3.6011,71.526,0.6958,0.0,15.667
0.010089635848999023,-1.9512,0.061,-2.23,-0.0493,2.1362,71.636,0.6968,0.0,15.76
0.010088205337524414,-1.9512,0.061,-2.23,-0.0493,2.1362,71.636,0.6968,0.0,15.76
0.010079622268676758,-1.9512,0.061,-2.23,-0.0493,2.1362,71.636,0.6968,0.0,15.76
0.010087728500366211,-1.9521,0.061,-2.28,-0.0483,0.3052,71.647,0.6968,0.0,15.859
0.010103464126586914,-1.9521,0.061,-2.28,-0.0483,0.3052,71.647,0.6968,0.0,15.859
0.010091066360473633,-1.9521,0.061,-2.28,-0.0483,0.3052,71.647,0.6968,0.0,15.859
0.010089635848999023,-1.9517,0.0,-2.318,-0.0449,-2.3193,71.543,0.6963,0.0,15.974
0.01009058952331543,-1.9517,0.0,-2.318,-0.0449,-2.3193,71.543,0.6963,0.0,15.974
0.010084867477416992,-1.9517,0.0,-2.346,-0.0435,-3.1738,71.362,0.6953,0.0,16.095
0.010088920593261719,-1.9517,0.0,-2.346,-0.0435,-3.1738,71.362,0.6953,0.0,16.095
0.010096549987792969,-1.9517,0.0,-2.346,-0.0435,-3.1738,71.362,0.6953,0.0,16.095
0.010086774826049805,-1.9512,0.0,-2.368,-0.0449,-2.5024,71.186,0.6943,0.0,16.216
0.010090827941894531,-1.9512,0.0,-2.368,-0.0449,-2.5024,71.186,0.6943,0.0,16.216
0.010084152221679688,-1.9512,-0.1221,-2.401,-0.0469,-1.1597,71.076,0.6948,0.0,16.32
0.010088205337524414,-1.9512,-0.1221,-2.401,-0.0469,-1.1597,71.076,0.6948,0.0,16.32
0.010087013244628906,-1.9512,-0.1221,-2.401,-0.0469,-1.1597,71.076,0.6948,0.0,16.32
0.010079145431518555,-1.9517,0.0,-2.444,-0.0498,1.3428,71.076,0.6943,0.0,16.414
0.010090351104736328,-1.9517,0.0,-2.444,-0.0498,1.3428,71.076,0.6943,0.0,16.414
0.010088920593261719,-1.9517,0.0,-2.444,-0.0498,1.3428,71.076,0.6943,0.0,16.414
0.010087251663208008,-1.9512,0.061,-2.499,-0.0488,2.5635,71.158,0.6958,0.0,16.485
0.010088682174682617,-1.9512,0.061,-2.499,-0.0488,2.5635,71.158,0.6958,0.0,16.485
0.010079145431518555,-1.9517,0.061,-2.554,-0.0459,2.6245,71.274,0.6958,0.0,16.556
0.010080814361572266,-1.9517,0.061,-2.554,-0.0459,2.6245,71.274,0.6958,0.0,16.556
0.010092735290527344,-1.9517,0.061,-2.554,-0.0459,2.6245,71.274,0.6958,0.0,16.556
0.010090351104736328,-1.9521,0.061,-2.604,-0.0444,1.5869,71.345,0.6973,0.0,16.628
0.010086536407470703,-1.9521,0.061,-2.604,-0.0444,1.5869,71.345,0.6973,0.0,16.628
0.010082721710205078,-1.9521,0.061,-2.604,-0.0444,1.5869,71.345,0.6973,0.0,16.628
0.010081768035888672,-1.9507,0.0,-2.637,-0.0449,-0.6104,71.329,0.6963,0.0,16.705
0.010137081146240234,-1.9507,0.0,-2.637,-0.0449,-0.6104,71.329,0.6963,0.0,16.705
0.010090351104736328,-1.9512,0.0,-2.659,-0.0464,-1.8921,71.23,0.6958,0.0,16.798
0.010091781616210938,-1.9512,0.0,-2.659,-0.0464,-1.8921,71.23,0.6958,0.0,16.798
0.010184049606323242,-1.9507,0.0,-2.675,-0.0488,-2.5635,71.082,0.6958,0.0,16.891
0.010094881057739258,-1.9507,0.0,-2.675,-0.0488,-2.5635,71.082,0.6958,0.0,16.891
0.010080575942993164,-1.9507,0.0,-2.675,-0.0488,-2.5635,71.082,0.6958,0.0,16.891
0.010092973709106445,-1.9517,0.0,-2.697,-0.0488,-1.9531,70.95,0.6943,0.0,16.985
0.010094881057739258,-1.9517,0.0,-2.697,-0.0488,-1.9531,70.95,0.6943,0.0,16.985
0.010093927383422852,-1.9517,0.0,-2.697,-0.0488,-1.9531,70.95,0.6943,0.0,16.985
0.010092735290527344,-1.9507,0.0,-2.725,-0.0469,-0.061,70.889,0.6938,0.0,17.062
0.010085105895996094,-1.9507,0.0,-2.725,-0.0469,-0.061,70.889,0.6938,0.0,17.062
0.01007986068725586,-1.9512,0.061,-2.763,-0.0449,1.2207,70.906,0.6943,0.0,17.128
0.010097265243530273,-1.9512,0.061,-2.763,-0.0449,1.2207,70.906,0.6943,0.0,17.128
0.010091304779052734,-1.9512,0.061,-2.763,-0.0449,1.2207,70.906,0.6943,0.0,17.128
0.010081291198730469,-1.9507,0.0,-2.807,-0.0444,2.3193,70.988,0.6943,0.0,17.183
0.010079622268676758,-1.9507,0.0,-2.807,-0.0444,2.3193,70.988,0.6943,0.0,17.183
0.010076045989990234,-1.9512,0.0,-2.851,-0.0454,2.1362,71.082,0.6963,0.0,17.232
0.01008915901184082,-1.9512,0.0,-2.851,-0.0454,2.1362,71.082,0.6963,0.0,17.232
0.010080099105834961,-1.9512,0.0,-2.851,-0.0454,2.1362,71.082,0.6963,0.0,17.232
0.010079622268676758,-1.9507,0.0,-2.889,-0.0479,0.6104,71.12,0.6963,0.0,17.287
0.010087728500366211,-1.9507,0.0,-2.889,-0.0479,0.6104,71.12,0.6963,0.0,17.287
0.010088682174682617,-1.9507,0.0,-2.889,-0.0479,0.6104,71.12,0.6963,0.0,17.287
0.010089874267578125,-1.9517,0.0,-2.917,-0.0488,-0.6104,71.093,0.6958,0.0,17.347
0.010087728500366211,-1.9517,0.0,-2.917,-0.0488,-0.6104,71.093,0.6958,0.0,17.347
0.01009821891784668,-1.9517,0.061,-2.933,-0.0479,-2.0142,70.994,0.6958,0.0,17.419
0.010081291198730469,-1.9517,0.061,-2.933,-0.0479,-2.0142,70.994,0.6958,0.0,17.419
0.010091304779052734,-1.9517,0.061,-2.933,-0.0479,-2.0142,70.994,0.6958,0.0,17.419
0.010094642639160156,-1.9517,0.0,-2.944,-0.0459,-2.1362,70.867,0.6953,0.0,17.496
0.010092496871948242,-1.9517,0.0,-2.944,-0.0459,-2.1362,70.867,0.6953,0.0,17.496
0.010093450546264648,-1.9517,0.0,-2.944,-0.0459,-2.1362,70.867,0.6953,0.0,17.496
0.010085344314575195,-1.9512,0.0,-2.961,-0.0449,-1.0376,70.774,0.6948,0.0,17.567
0.01008749008178711,-1.9512,0.0,-2.961,-0.0449,-1.0376,70.774,0.6948,0.0,17.567
0.010088920593261719,-1.9502,0.0,-2.983,-0.0459,0.1221,70.746,0.6953,0.0,17.622
0.010095357894897461,-1.9502,0.0,-2.983,-0.0459,0.1221,70.746,0.6953,0.0,17.622
0.010091304779052734,-1.9502,0.0,-2.983,-0.0459,0.1221,70.746,0.6953,0.0,17.622
0.010094881057739258,-1.9512,0.0,-3.01,-0.0469,1.6479,70.79,0.6948,0.0,17.666
0.010083436965942383,-1.9512,0.0,-3.01,-0.0469,1.6479,70.79,0.6948,0.0,17.666
0.010085582733154297,-1.9512,0.0,-3.01,-0.0469,1.6479,70.79,0.6948,0.0,17.666
0.010096311569213867,-1.9517,0.0,-3.049,-0.0483,1.9531,70.867,0.6943,0.0,17.704
0.010091543197631836,-1.9517,0.0,-3.049,-0.0483,1.9531,70.867,0.6943,0.0,17.704
0.010084867477416992,-1.9517,0.061,-3.087,-0.0483,1.2207,70.933,0.6958,0.0,17.743
0.010094642639160156,-1.9517,0.061,-3.087,-0.0483,1.2207,70.933,0.6958,0.0,17.743
0.01008462905883789,-1.9517,0.061,-3.087,-0.0483,1.2207,70.933,0.6958,0.0,17.743
0.010092496871948242,-1.9517,0.0,-3.115,-0.0469,0.2441,70.944,0.6958,0.0,17.787
0.010135412216186523,-1.9517,0.0,-3.115,-0.0469,0.2441,70.944,0.6958,0.0,17.787
0.01009368896484375,-1.9512,0.0,-3.131,-0.0444,-1.2817,70.895,0.6963,0.0,17.842
0.010084390640258789,-1.9512,0.0,-3.131,-0.0444,-1.2817,70.895,0.6963,0.0,17.842
0.010092973709106445,-1.9512,0.0,-3.131,-0.0444,-1.2817,70.895,0.6963,0.0,17.842
0.010084152221679688,-1.9507,0.0,-3.142,-0.0449,-1.8311,70.796,0.6953,0.0,17.897
0.010092496871948242,-1.9507,0.0,-3.142,-0.0449,-1.8311,70.796,0.6953,0.0,17.897
0.010118961334228516,-1.9507,0.0,-3.142,-0.0449,-1.8311,70.796,0.6953,0.0,17.897
0.010091543197631836,-1.9512,0.0,-3.148,-0.0464,-1.4648,70.703,0.6948,0.0,17.957
0.010091543197631836,-1.9512,0.0,-3.148,-0.0464,-1.4648,70.703,0.6948,0.0,17.957
0.010091543197631836,-1.9512,0.0,-3.159,-0.0483,-0.1221,70.648,0.6948,0.0,18.007
0.010106325149536133,-1.9512,0.0,-3.159,-0.0483,-0.1221,70.648,0.6948,0.0,18.007
0.010092735290527344,-1.9512,0.0,-3.159,-0.0483,-0.1221,70.648,0.6948,0.0,18.007
0.010132789611816406,-1.9512,0.0,-3.181,-0.0483,0.7935,70.659,0.6938,0.0,18.045
0.010087728500366211,-1.9512,0.0,-3.181,-0.0483,0.7935,70.659,0.6938,0.0,18.045
0.010093450546264648,-1.9517,0.061,-3.214,-0.0464,1.6479,70.714,0.6958,0.0,18.078
0.010097503662109375,-1.9517,0.061,-3.214,-0.0464,1.6479,70.714,0.6958,0.0,18.078
0.010096073150634766,-1.9517,0.061,-3.214,-0.0464,1.6479,70.714,0.6958,0.0,18.078
0.010095357894897461,-1.9512,0.0,-3.241,-0.0459,1.5869,70.779,0.6958,0.0,18.105
0.010095357894897461,-1.9512,0.0,-3.241,-0.0459,1.5869,70.779,0.6958,0.0,18.105
0.010097026824951172,-1.9512,0.0,-3.268,-0.0459,0.4883,70.818,0.6963,0.0,18.133
0.010097742080688477,-1.9512,0.0,-3.268,-0.0459,0.4883,70.818,0.6963,0.0,18.133
0.010094881057739258,-1.9512,0.0,-3.268,-0.0459,0.4883,70.818,0.6963,0.0,18.133
0.010096073150634766,-1.9512,0.0,-3.285,-0.0464,-0.4272,70.807,0.6963,0.0,18.171
0.01008462905883789,-1.9512,0.0,-3.285,-0.0464,-0.4272,70.807,0.6963,0.0,18.171
0.010087966918945312,-1.9512,0.0,-3.29,-0.0474,-1.4648,70.741,0.6963,0.0,18.215
0.010096549987792969,-1.9512,0.0,-3.29,-0.0474,-1.4648,70.741,0.6963,0.0,18.215
0.010096549987792969,-1.9512,0.0,-3.29,-0.0474,-1.4648,70.741,0.6963,0.0,18.215
0.010087251663208008,-1.9507,0.0,-3.296,-0.0483,-1.5869,70.653,0.6943,0.0,18.265
0.010094642639160156,-1.9507,0.0,-3.296,-0.0483,-1.5869,70.653,0.6943,0.0,18.265
0.010086774826049805,-1.9512,0.0,-3.301,-0.0474,-0.6714,70.582,0.6953,0.0,18.309
0.010096311569213867,-1.9512,0.0,-3.301,-0.0474,-0.6714,70.582,0.6953,0.0,18.309
0.010087728500366211,-1.9512,0.0,-3.301,-0.0474,-0.6714,70.582,0.6953,0.0,18.309
0.010119199752807617,-1.9517,0.0,-3.318,-0.0464,0.061,70.56,0.6948,0.0,18.342
0.010091066360473633,-1.9517,0.0,-3.318,-0.0464,0.061,70.56,0.6948,0.0,18.342
0.010091304779052734,-1.9512,0.0,-3.34,-0.0459,1.1597,70.587,0.6948,0.0,18.369
0.010097980499267578,-1.9512,0.0,-3.34,-0.0459,1.1597,70.587,0.6948,0.0,18.369
0.010094642639160156,-1.9512,0.0,-3.34,-0.0459,1.1597,70.587,0.6948,0.0,18.369
0.010092973709106445,-1.9512,0.0,-3.367,-0.0464,1.5259,70.648,0.6958,0.0,18.391
0.010093212127685547,-1.9512,0.0,-3.367,-0.0464,1.5259,70.648,0.6958,0.0,18.391
0.010104656219482422,-1.9512,0.0,-3.367,-0.0464,1.5259,70.648,0.6958,0.0,18.391
0.01009368896484375,-1.9512,0.0,-3.389,-0.0469,0.9155,70.697,0.6963,0.0,18.408
0.010089635848999023,-1.9512,0.0,-3.389,-0.0469,0.9155,70.697,0.6963,0.0,18.408
0.010109186172485352,-1.9517,0.0,-3.406,-0.0479,0.1221,70.714,0.6963,0.0,18.43
0.010094642639160156,-1.9517,0.0,-3.406,-0.0479,0.1221,70.714,0.6963,0.0,18.43
0.010085582733154297,-1.9517,0.0,-3.406,-0.0479,0.1221,70.714,0.6963,0.0,18.43
0.010099649429321289,-1.9517,0.0,-3.417,-0.0469,-0.9766,70.686,0.6953,0.0,18.463
0.010140419006347656,-1.9517,0.0,-3.417,-0.0469,-0.9766,70.686,0.6953,0.0,18.463
0.010092735290527344,-1.9517,0.0,-3.422,-0.0464,-1.3428,70.615,0.6948,0.0,18.501
0.010092496871948242,-1.9517,0.0,-3.422,-0.0464,-1.3428,70.615,0.6948,0.0,18.501
0.010092020034790039,-1.9517,0.0,-3.422,-0.0464,-1.3428,70.615,0.6948,0.0,18.501
0.010092496871948242,-1.9512,0.0,-3.422,-0.0454,-1.0986,70.543,0.6948,0.0,18.539
0.010092735290527344,-1.9512,0.0,-3.422,-0.0454,-1.0986,70.543,0.6948,0.0,18.539
0.01008915901184082,-1.9521,0.0,-3.428,-0.0454,-0.4272,70.499,0.6953,0.0,18.572
0.01008152961730957,-1.9521,0.0,-3.428,-0.0454,-0.4272,70.499,0.6953,0.0,18.572
0.010083913803100586,-1.9521,0.0,-3.428,-0.0454,-0.4272,70.499,0.6953,0.0,18.572
0.010101795196533203,-1.9517,0.0,-3.439,-0.0464,0.7324,70.499,0.6943,0.0,18.6
0.010087728500366211,-1.9517,0.0,-3.439,-0.0464,0.7324,70.499,0.6943,0.0,18.6
0.010084152221679688,-1.9512,0.0,-3.461,-0.0479,1.1597,70.543,0.6948,0.0,18.611
0.010078907012939453,-1.9512,0.0,-3.461,-0.0479,1.1597,70.543,0.6948,0.0,18.611
0.010086774826049805,-1.9512,0.0,-3.461,-0.0479,1.1597,70.543,0.6948,0.0,18.611
0.010078907012939453,-1.9517,0.061,-3.483,-0.0479,1.0986,70.598,0.6953,0.0,18.627
0.01009058952331543,-1.9517,0.061,-3.483,-0.0479,1.0986,70.598,0.6953,0.0,18.627
0.010079622268676758,-1.9517,0.061,-3.483,-0.0479,1.0986,70.598,0.6953,0.0,18.627
0.010079383850097656,-1.9512,0.0,-3.499,-0.0469,0.6104,70.631,0.6963,0.0,18.638
0.010090351104736328,-1.9512,0.0,-3.499,-0.0469,0.6104,70.631,0.6963,0.0,18.638
0.010087251663208008,-1.9512,0.0,-3.499,-0.0469,0.6104,70.631,0.6963,0.0,18.638
0.010091304779052734,-1.9512,0.0,-3.51,-0.0459,-0.4272,70.631,0.6958,0.0,18.66
0.010089874267578125,-1.9512,0.0,-3.51,-0.0459,-0.4272,70.631,0.6958,0.0,18.66
0.010087013244628906,-1.9521,0.0,-3.516,-0.0454,-0.9766,70.587,0.6958,0.0,18.688
0.010090112686157227,-1.9521,0.0,-3.516,-0.0454,-0.9766,70.587,0.6958,0.0,18.688
0.010087728500366211,-1.9521,0.0,-3.516,-0.0454,-0.9766,70.587,0.6958,0.0,18.688
0.010108709335327148,-1.9512,0.0,-3.51,-0.0464,-1.1597,70.521,0.6948,0.0,18.721
0.010086774826049805,-1.9512,0.0,-3.51,-0.0464,-1.1597,70.521,0.6948,0.0,18.721
0.010088443756103516,-1.9512,0.0,-3.51,-0.0464,-1.1597,70.521,0.6948,0.0,18.721
0.010100603103637695,-1.9507,0.0,-3.51,-0.0474,-0.7935,70.466,0.6943,0.0,18.754
0.01007843017578125,-1.9507,0.0,-3.51,-0.0474,-0.7935,70.466,0.6943,0.0,18.754
0.010088205337524414,-1.9512,0.0,-3.521,-0.0483,0.1831,70.45,0.6943,0.0,18.776
0.01007223129272461,-1.9512,0.0,-3.521,-0.0483,0.1831,70.45,0.6943,0.0,18.776
0.010087013244628906,-1.9512,0.0,-3.521,-0.0483,0.1831,70.45,0.6943,0.0,18.776
0.010090112686157227,-1.9517,0.0,-3.538,-0.0474,0.7935,70.477,0.6953,0.0,18.787
0.010077953338623047,-1.9517,0.0,-3.538,-0.0474,0.7935,70.477,0.6953,0.0,18.787
0.010088920593261719,-1.9517,0.0,-3.538,-0.0474,0.7935,70.477,0.6953,0.0,18.787
0.010089635848999023,-1.9502,0.0,-3.554,-0.0464,1.0986,70.527,0.6953,0.0,18.798
0.010087966918945312,-1.9502,0.0,-3.554,-0.0464,1.0986,70.527,0.6953,0.0,18.798
0.010078668594360352,-1.9502,0.0,-3.554,-0.0464,1.0986,70.527,0.6953,0.0,18.798
0.010079622268676758,-1.9507,0.0,-3.576,-0.0459,0.8545,70.565,0.6948,0.0,18.803
0.010083913803100586,-1.9507,0.0,-3.576,-0.0459,0.8545,70.565,0.6948,0.0,18.803
0.010081291198730469,-1.9507,0.0,-3.582,-0.0464,0.0,70.582,0.6963,0.0,18.82
0.01009368896484375,-1.9507,0.0,-3.582,-0.0464,0.0,70.582,0.6963,0.0,18.82
0.010092496871948242,-1.9507,0.0,-3.582,-0.0464,0.0,70.582,0.6963,0.0,18.82
0.010090112686157227,-1.9512,0.0,-3.587,-0.0474,-0.5493,70.554,0.6958,0.0,18.836
0.010092973709106445,-1.9512,0.0,-3.587,-0.0474,-0.5493,70.554,0.6958,0.0,18.836
0.01008915901184082,-1.9512,0.0,-3.587,-0.0474,-0.5493,70.554,0.6958,0.0,18.836
0.010106563568115234,-1.9517,0.0,-3.587,-0.0479,-1.1597,70.505,0.6953,0.0,18.864
0.010097980499267578,-1.9517,0.0,-3.587,-0.0479,-1.1597,70.505,0.6953,0.0,18.864
0.010099411010742188,-1.9507,0.0,-3.587,-0.0474,-0.9766,70.444,0.6953,0.0,18.891
0.010098695755004883,-1.9507,0.0,-3.587,-0.0474,-0.9766,70.444,0.6953,0.0,18.891
0.010087013244628906,-1.9507,0.061,-3.593,-0.0469,-0.1831,70.417,0.6948,0.0,18.913
0.01039266586303711,-1.9507,0.061,-3.593,-0.0469,-0.1831,70.417,0.6948,0.0,18.913
0.010094881057739258,-1.9507,0.061,-3.593,-0.0469,-0.1831,70.417,0.6948,0.0,18.913
0.010096549987792969,-1.9517,0.0,-3.598,-0.0459,0.3662,70.422,0.6943,0.0,18.924
0.010095834732055664,-1.9517,0.0,-3.598,-0.0459,0.3662,70.422,0.6943,0.0,18.924
0.010099172592163086,-1.9512,0.0,-3.615,-0.0459,0.9766,70.455,0.6948,0.0,18.929
0.010098457336425781,-1.9512,0.0,-3.615,-0.0459,0.9766,70.455,0.6948,0.0,18.929
0.010094165802001953,-1.9507,0.0,-3.625,-0.0464,0.9766,70.499,0.6958,0.0,18.935
0.010088682174682617,-1.9507,0.0,-3.625,-0.0464,0.9766,70.499,0.6958,0.0,18.935
0.010097980499267578,-1.9507,0.0,-3.625,-0.0464,0.9766,70.499,0.6958,0.0,18.935
0.010098695755004883,-1.9517,0.0,-3.636,-0.0479,0.4272,70.527,0.6958,0.0,18.946
0.01009678840637207,-1.9517,0.0,-3.636,-0.0479,0.4272,70.527,0.6958,0.0,18.946
0.01030421257019043,-1.9517,0.0,-3.647,-0.0479,-0.1831,70.527,0.6963,0.0,18.957
0.010088920593261719,-1.9517,0.0,-3.647,-0.0479,-0.1831,70.527,0.6963,0.0,18.957
0.01021432876586914,-1.9517,0.0,-3.647,-0.0479,-0.1831,70.527,0.6963,0.0,18.957
0.01011037826538086,-1.9512,0.0,-3.647,-0.0469,-0.9155,70.488,0.6958,0.0,18.973
0.010092735290527344,-1.9512,0.0,-3.647,-0.0469,-0.9155,70.488,0.6958,0.0,18.973
0.010081291198730469,-1.9512,0.0,-3.647,-0.0464,-0.9155,70.439,0.6958,0.0,18.995
0.010080814361572266,-1.9512,0.0,-3.647,-0.0464,-0.9155,70.439,0.6958,0.0,18.995
0.01009821891784668,-1.9512,0.0,-3.647,-0.0464,-0.9155,70.439,0.6958,0.0,18.995
0.010100841522216797,-1.9512,0.0,-3.647,-0.0459,-0.5493,70.4,0.6948,0.0,19.017
0.010105371475219727,-1.9512,0.0,-3.647,-0.0459,-0.5493,70.4,0.6948,0.0,19.017
0.010094881057739258,-1.9512,0.0,-3.647,-0.0459,-0.5493,70.4,0.6948,0.0,19.017
0.010091304779052734,-1.9512,0.0,-3.647,-0.0464,0.0,70.384,0.6953,0.0,19.028
0.010098695755004883,-1.9512,0.0,-3.647,-0.0464,0.0,70.384,0.6953,0.0,19.028
0.010100841522216797,-1.9507,0.0,-3.658,-0.0479,0.7324,70.406,0.6953,0.0,19.039
0.010099172592163086,-1.9507,0.0,-3.658,-0.0479,0.7324,70.406,0.6953,0.0,19.039
0.010100603103637695,-1.9507,0.0,-3.658,-0.0479,0.7324,70.406,0.6953,0.0,19.039
0.010101556777954102,-1.9517,0.0,-3.675,-0.0474,0.9155,70.45,0.6953,0.0,19.039
0.010100364685058594,-1.9517,0.0,-3.675,-0.0474,0.9155,70.45,0.6953,0.0,19.039
0.010099411010742188,-1.9517,0.0,-3.686,-0.0464,0.6714,70.483,0.6953,0.0,19.045
0.010100126266479492,-1.9517,0.0,-3.686,-0.0464,0.6714,70.483,0.6953,0.0,19.045
0.010093450546264648,-1.9512,0.0,-3.697,-0.0464,0.1221,70.494,0.6953,0.0,19.05
0.010091304779052734,-1.9512,0.0,-3.697,-0.0464,0.1221,70.494,0.6953,0.0,19.05
0.01009678840637207,-1.9512,0.0,-3.697,-0.0464,0.1221,70.494,0.6953,0.0,19.05
0.010084867477416992,-1.9507,0.0,-3.697,-0.0459,-0.5493,70.477,0.6953,0.0,19.067
0.01009821891784668,-1.9507,0.0,-3.697,-0.0459,-0.5493,70.477,0.6953,0.0,19.067
0.010089874267578125,-1.9507,0.0,-3.697,-0.0459,-0.5493,70.477,0.6953,0.0,19.067
0.010091304779052734,-1.9512,0.0,-3.691,-0.0459,-0.8545,70.433,0.6953,0.0,19.083
0.010093927383422852,-1.9512,0.0,-3.691,-0.0459,-0.8545,70.433,0.6953,0.0,19.083
0.010096073150634766,-1.9512,0.0,-3.691,-0.0469,-0.7324,70.389,0.6948,0.0,19.1
0.010099172592163086,-1.9512,0.0,-3.691,-0.0469,-0.7324,70.389,0.6948,0.0,19.1
0.010091781616210938,-1.9512,0.0,-3.691,-0.0469,-0.7324,70.389,0.6948,0.0,19.1
0.010100603103637695,-1.9512,0.0,-3.691,-0.0474,-0.2441,70.367,0.6953,0.0,19.111
0.010090827941894531,-1.9512,0.0,-3.691,-0.0474,-0.2441,70.367,0.6953,0.0,19.111
0.01012563705444336,-1.9512,0.0,-3.691,-0.0474,-0.2441,70.367,0.6953,0.0,19.111
0.010099649429321289,-1.9507,0.0,-3.697,-0.0474,0.4272,70.373,0.6948,0.0,19.122
0.010096073150634766,-1.9507,0.0,-3.697,-0.0474,0.4272,70.373,0.6948,0.0,19.122
0.010100364685058594,-1.9507,0.0,-3.708,-0.0469,0.7324,70.406,0.6958,0.0,19.122
0.010102033615112305,-1.9507,0.0,-3.708,-0.0469,0.7324,70.406,0.6958,0.0,19.122
0.010100126266479492,-1.9507,0.0,-3.708,-0.0469,0.7324,70.406,0.6958,0.0,19.122
0.010101318359375,-1.9507,0.0,-3.719,-0.0459,0.7324,70.439,0.6948,0.0,19.122
0.010093450546264648,-1.9507,0.0,-3.719,-0.0459,0.7324,70.439,0.6948,0.0,19.122
0.010095834732055664,-1.9517,0.0,-3.724,-0.0469,0.1221,70.461,0.6958,0.0,19.127
0.010099411010742188,-1.9517,0.0,-3.724,-0.0469,0.1221,70.461,0.6958,0.0,19.127
0.010100841522216797,-1.9517,0.0,-3.724,-0.0469,0.1221,70.461,0.6958,0.0,19.127
0.010098934173583984,-1.9507,0.0,-3.73,-0.0469,-0.2441,70.455,0.6958,0.0,19.138
0.010095357894897461,-1.9507,0.0,-3.73,-0.0469,-0.2441,70.455,0.6958,0.0,19.138
0.010089874267578125,-1.9512,0.0,-3.73,-0.0474,-0.7324,70.422,0.6963,0.0,19.149
0.010100841522216797,-1.9512,0.0,-3.73,-0.0474,-0.7324,70.422,0.6963,0.0,19.149
0.010099649429321289,-1.9512,0.0,-3.73,-0.0474,-0.7324,70.422,0.6963,0.0,19.149
0.010098695755004883,-1.9517,0.0,-3.724,-0.0474,-0.7935,70.384,0.6948,0.0,19.166
0.010091543197631836,-1.9517,0.0,-3.724,-0.0474,-0.7935,70.384,0.6948,0.0,19.166
0.010095834732055664,-1.9517,0.0,-3.724,-0.0474,-0.7935,70.384,0.6948,0.0,19.166
0.01009368896484375,-1.9507,0.0,-3.724,-0.0469,-0.3052,70.356,0.6948,0.0,19.177
0.010091781616210938,-1.9507,0.0,-3.724,-0.0469,-0.3052,70.356,0.6948,0.0,19.177
0.010085344314575195,-1.9512,0.0,-3.73,-0.0459,0.1221,70.351,0.6938,0.0,19.182
0.010102510452270508,-1.9512,0.0,-3.73,-0.0459,0.1221,70.351,0.6938,0.0,19.182
0.010410070419311523,-1.9512,0.0,-3.73,-0.0459,0.1221,70.351,0.6938,0.0,19.182
0.010102987289428711,-1.9517,0.0,-3.735,-0.0464,0.6714,70.373,0.6953,0.0,19.188
0.010091304779052734,-1.9517,0.0,-3.735,-0.0464,0.6714,70.373,0.6953,0.0,19.188
0.010101795196533203,-1.9517,0.0,-3.735,-0.0464,0.6714,70.373,0.6953,0.0,19.188
0.01009988784790039,-1.9517,0.0,-3.746,-0.0464,0.7324,70.406,0.6953,0.0,19.188
0.010088443756103516,-1.9517,0.0,-3.746,-0.0464,0.7324,70.406,0.6953,0.0,19.188
0.010102272033691406,-1.9517,0.0,-3.752,-0.0479,0.4272,70.433,0.6963,0.0,19.188
0.010087966918945312,-1.9517,0.0,-3.752,-0.0479,0.4272,70.433,0.6963,0.0,19.188
0.010140657424926758,-1.9517,0.0,-3.752,-0.0479,0.4272,70.433,0.6963,0.0,19.188
0.010098457336425781,-1.9517,0.0,-3.757,-0.0474,0.0,70.439,0.6963,0.0,19.193
0.010127544403076172,-1.9517,0.0,-3.757,-0.0474,0.0,70.439,0.6963,0.0,19.193
0.010087013244628906,-1.9507,0.0,-3.757,-0.0464,-0.6104,70.422,0.6953,0.0,19.199
0.010100603103637695,-1.9507,0.0,-3.757,-0.0464,-0.6104,70.422,0.6953,0.0,19.199
0.010128021240234375,-1.9507,0.0,-3.757,-0.0464,-0.6104,70.422,0.6953,0.0,19.199
0.010101795196533203,-1.9517,0.0,-3.757,-0.0464,-0.7324,70.389,0.6948,0.0,19.215
0.010085582733154297,-1.9517,0.0,-3.757,-0.0464,-0.7324,70.389,0.6948,0.0,19.215
0.010118722915649414,-1.9512,0.0,-3.752,-0.0464,-0.4883,70.351,0.6948,0.0,19.226
0.010099411010742188,-1.9512,0.0,-3.752,-0.0464,-0.4883,70.351,0.6948,0.0,19.226
0.010101079940795898,-1.9512,0.0,-3.752,-0.0464,-0.4883,70.351,0.6948,0.0,19.226
0.010089397430419922,-1.9517,0.0,-3.752,-0.0464,-0.1221,70.334,0.6948,0.0,19.237
0.010091066360473633,-1.9517,0.0,-3.752,-0.0464,-0.1221,70.334,0.6948,0.0,19.237
0.010091066360473633,-1.9512,0.0,-3.757,-0.0469,0.4883,70.345,0.6948,0.0,19.237
0.010089635848999023,-1.9512,0.0,-3.757,-0.0469,0.4883,70.345,0.6948,0.0,19.237
0.010097742080688477,-1.9512,0.0,-3.757,-0.0469,0.4883,70.345,0.6948,0.0,19.237
0.010139703750610352,-1.9512,0.0,-3.763,-0.0469,0.6714,70.373,0.6953,0.0,19.237
0.010100603103637695,-1.9512,0.0,-3.763,-0.0469,0.6714,70.373,0.6953,0.0,19.237
0.010091304779052734,-1.9512,0.0,-3.763,-0.0469,0.6714,70.373,0.6953,0.0,19.237
0.010092973709106445,-1.9517,0.0,-3.774,-0.0469,0.4883,70.406,0.6953,0.0,19.237
0.01009058952331543,-1.9517,0.0,-3.774,-0.0469,0.4883,70.406,0.6953,0.0,19.237
0.010085582733154297,-1.9507,0.0,-3.779,-0.0469,0.2441,70.422,0.6958,0.0,19.237
0.010103702545166016,-1.9507,0.0,-3.779,-0.0469,0.2441,70.422,0.6958,0.0,19.237
0.010094881057739258,-1.9507,0.0,-3.779,-0.0469,0.2441,70.422,0.6958,0.0,19.237
0.010091543197631836,-1.9512,0.0,-3.779,-0.0464,-0.3052,70.417,0.6958,0.0,19.243
0.010091543197631836,-1.9512,0.0,-3.779,-0.0464,-0.3052,70.417,0.6958,0.0,19.243
0.010100364685058594,-1.9512,0.0,-3.779,-0.0464,-0.3052,70.417,0.6958,0.0,19.243
0.010098457336425781,-1.9517,0.0,-3.774,-0.0464,-0.6104,70.389,0.6958,0.0,19.254
0.010100841522216797,-1.9517,0.0,-3.774,-0.0464,-0.6104,70.389,0.6958,0.0,19.254
0.010104179382324219,-1.9507,0.0,-3.774,-0.0474,-0.6104,70.356,0.6948,0.0,19.265
0.010094165802001953,-1.9507,0.0,-3.774,-0.0474,-0.6104,70.356,0.6948,0.0,19.265
0.010096311569213867,-1.9507,0.0,-3.774,-0.0474,-0.6104,70.356,0.6948,0.0,19.265
0.010100841522216797,-1.9512,0.0,-3.768,-0.0469,-0.3052,70.334,0.6953,0.0,19.27
0.010092020034790039,-1.9512,0.0,-3.768,-0.0469,-0.3052,70.334,0.6953,0.0,19.27
0.010101318359375,-1.9517,0.0,-3.774,-0.0474,0.1831,70.334,0.6953,0.0,19.276
0.010094642639160156,-1.9517,0.0,-3.774,-0.0474,0.1831,70.334,0.6953,0.0,19.276
0.01009225845336914,-1.9517,0.0,-3.774,-0.0474,0.1831,70.334,0.6953,0.0,19.276
0.01008915901184082,-1.9512,0.0,-3.779,-0.0474,0.5493,70.351,0.6948,0.0,19.276
0.010099411010742188,-1.9512,0.0,-3.779,-0.0474,0.5493,70.351,0.6948,0.0,19.276
